Address,Allocation%,Points
0x020e1c3d5a0cfe235acc53ccbca2ea53d5964cb1,0.33%,20
0x029df4209e87663493725c70bDBd03E97d5B7c4B,0.33%,20
0x058d83Fc1b71D19046B7164b3d751E61C89cBB65,0.33%,20
0x07Ed3E8e3Ce42087e825011c316e17f0051CC983,0.33%,20
0x08Ec41FDcb5F9cD49a2a9d76bBEEf952A5d5739d,0.33%,20
0x097bA4a0dD30C3ad9Fa01D3Cafa17503Ffa7aa57,0.33%,20
0x098915E7F9a03d9d452a642f33a650430aE18c79,0.33%,20
0x0b4a54808c8d6847fec5f0107e490aac81aa25ec,0.33%,20
0x0BA2284AaFAeD001a416B1d8955DDDddC9fF25D8,0.33%,20
0x0C6293473E571954444F0B248CA75Cf48E60c13c,0.33%,20
0x0d589fe6064956D49f0F9ec4Fc89dbdf36Db9362,0.33%,20
0x0df506a50efd7880aaa69238af93195c4835105d,0.33%,20
0x0eb0ddfb4350bae7435acd27504926204235a9de,0.33%,20
0x10E4De14Fbd0F71665d05336eA9b74B4c59b56b3,0.33%,20
0x1506bF1b4979B3cC94C979878E6661A31Af004B3,0.33%,20
0x18A428CE0c31584a21CF8ceFDb8849d8013E1994,0.33%,20
0x19b97B896C241Fc39852b1BC0EdE5364a5B011f7,0.33%,20
0x1eB4F5aE6E14F6376b7175656994F58ceA565C0d,0.33%,20
0x21870F819B873b2F7e424AAf84effe49fC9e0012,0.33%,20
0x22A86031F028d7bE4481e0333297be42ff016b0b,0.33%,20
0x2897c1c2a96d4bfd6a8B5465785cAc27b9a333A4,0.33%,20
0x28baDd4C4603D3FFda223FFf00cDf695402ee4dE,0.33%,20
0x2a0943057a4414D481742ABb46709d61e162f62E,0.33%,20
0x2B13A9A626aC6F12F9b7047C4a6Cb0f504194a01,0.33%,20
0x2Bc3F2DfB85f03D38a252860fDb28466b4cfB74E,0.33%,20
0x2c9BfaBA04846BB016C62F5103F6a89eD9ecD860,0.33%,20
0x2FabCd57fFc29648A1A2B36bF373220826f27EF3,0.33%,20
0x30dc326C44a2e64fbE5a86FBC756d3f51A79f43C,0.33%,20
0x330088cC40d2099e834674EaC709090b48111803,0.33%,20
0x3511d7ea1878e19A15ad86b93cEFB8Bd57bFDE98,0.33%,20
0x37c1322D68734D011adeaCE6Ad39610cc231bc86,0.33%,20
0x3ae28806DB12a927F122e8dB41663f1678374D94,0.33%,20
0x3f0de8a98fda8aa8a59d0e9ed303c7c1bd505cde,0.33%,20
0x3f286cC85F53d1fb7Fe9Ada4Abd030f01ee45228,0.33%,20
0x4109266acaC7Bc28c754884920b059E016DDAf41,0.33%,20
0x42346678Db8Af1aea362A80cE1E26BA6ea1b51Bc,0.33%,20
0x42742954F391a2FdAc26340f32eC18b1BD019C68,0.33%,20
0x42ef3aaa63b47e406a26a0351c933b6025d7f6de,0.33%,20
0x47CDDFBc26Da2dF3b10F360b32c52A33e309023d,0.33%,20
0x48844957C812Efb3c3CEc316ab6389d689EF8A55,0.33%,20
0x49b14190107247c50d752f7c7697607735d89c5c,0.33%,20
0x4bb96FC7F7E5064Aa78c992028EC963EB500f7B8,0.33%,20
0x4D234519EEFb6BEcA8Dd7d192939bB218218DB00,0.33%,20
0x4D6fF9dB3dCe4326B06193A008bb282E856D9180,0.33%,20
0x50029651Fa8824B3A49B739a275c229D908D66aC,0.33%,20
0x5014FA8A46A418038bfe302791c00819Ace04Cd6,0.33%,20
0x52ce74F87Ef0878988F73d46650Ce481E14F8903,0.33%,20
0x5488481940f93b28b84965B8F65B4CfCce43d2D1,0.33%,20
0x5a61bC171CEaA39cB84d00bEE28a5806d0165ec2,0.33%,20
0x5A69209542697fD0f5Fc00e198fB092797bbDba4,0.33%,20
0x6D60200794298B98324Dd38D15e9710DC5B04C89,0.33%,20
0x6fEFe14eBb317E01544A38e8defeD9Eaa2CD05C3,0.33%,20
0x71d6241DB8EA54c85A5CE5bdDae631E23867cc0D,0.33%,20
0x71DC4E763DAAD3386C1A1428AE34f488FcB8d67b,0.33%,20
0x8440Ae39031842051313b2b8D4dC6bDE1F031EF0,0.33%,20
0x87cf2DD460bE20555be5fE0910C988D27D7c48f8,0.33%,20
0x886243BAC92E190dE060e80aF1fff2A1919f07bf,0.33%,20
0x8A3f6961F4894e41E37a27A4d9A2d3B73faC0CF5,0.33%,20
0x8bed476468be8f421c39a6fd21fca94187bfd670,0.33%,20
0x8F19A9CCe6D4Bd5371dE0cA1d82A5C18a32327F1,0.33%,20
0x9168a80AF210c511e4BE5b32d7de75124D0a4996,0.33%,20
0x919A957A54d0688690722bfD3AD4E71b030FD6FB,0.33%,20
0x955bc07C7B45633841228bB60621f1C98Bc17e7C,0.33%,20
0x985382084419D84A0324f5825c64D919Fed1CCd8,0.33%,20
0xa2Ce8Bb4d2b018eD0F807aDc835cb8100BAeb9BD,0.33%,20
0xA3B583470A53aeb2848d9b24D0f385Be40CfA127,0.33%,20
0xa669a107CE241629DFe07Dc285C9807B6Cc59ba1,0.33%,20
0xa7530577983e2A1bcbd094EdEe034586efC65eC9,0.33%,20
0xAB0CB39f1459b71fb92A52a65c30B215390d3A2E,0.33%,20
0xB016f2BdB728E25a210C6948a9E1a4E586CEAf5B,0.33%,20
0xb0acA5c69CA0054F92EF49E89b4ed590391796b6,0.33%,20
0xb2531ECcF7dFD65e064600b8e52D05348720254D,0.33%,20
0xb2d9608276f98836936619d3eef78f42ed6b252e,0.33%,20
0xb3421655dcB3512b7c8Bb4aBbbF2c36765E649CC,0.33%,20
0xb57660AF3B39Cdd42fD9661600130b6d1F4C07e3,0.33%,20
0xb696d48ef52670cDfC719259d0E1BFf994bCaBDE,0.33%,20
0xBd4D9E279eabe2d5635058c9Ccf1a8ceB5b002D2,0.33%,20
0xc0ba107aF49C6A7B03282955C1C3b5a90D6B2587,0.33%,20
0xc117F8A5fb540298D5b0307933590994350Ccd34,0.33%,20
0xc81406B0aa2f73B763b71163a6472950eb65Ac96,0.33%,20
0xC9673C828e733E6A31181AF7e19ECd26E5D09C9e,0.33%,20
0xC9D15F4E6f1b37CbF0E8068Ff84B5282edEF9707,0.33%,20
0xcB45CfD138E31601601F3D5b2c0e44B340dD6864,0.33%,20
0xcbd71ef9dc390b79594d17e07000d164a9457700,0.33%,20
0xCdE3179FebA540946D5C1E50a15dE2848643b3D0,0.33%,20
0xcE0c2Db73DA16F7006a921adD1C9692b15c0CC73,0.33%,20
0xcec771b3ab9204c4eb0b731111658e7c8ba539cf,0.33%,20
0xCef87676b7dFD1538e8C0dA209Af820dd057374E,0.33%,20
0xCF7c374b1BAe7eBdeC59Ac82fff4847C17b0acce,0.33%,20
0xd02df454EeBf85278b3C257EBC880709DC5e96Ce,0.33%,20
0xd4083F91d0ac928961c009547F76340BBa56b40f,0.33%,20
0xD481070E6d9834b903125b89093e3B922dD869a7,0.33%,20
0xD5BB8081977fB95355eAE4f838181D262a5fCCE3,0.33%,20
0xD9012a2153f08c0a97bc4916782BfdF174bb9E9D,0.33%,20
0xD9977af42CFC536B18A58C812f667528eD1Cb62a,0.33%,20
0xde489c8E2eaF76f09944aBF8B9B62132e69d4A00,0.33%,20
0xDEc626061A0869A8D853e49dED9622fEe7F0a8d5,0.33%,20
0xe21c2081b6b23c4b00496fa19457b9d53e345e7c,0.33%,20
0xE31959882E951c2895c0fD0f1d28215CA917AA8A,0.33%,20
0xe58e19764395cBfE01B612a2327087b77c873396,0.33%,20
0xE76f1230c61160206306CB55e524d5843bAD697a,0.33%,20
0xe98633Fb41aBb944FC20EB8Ddc017128f6d01Cb4,0.33%,20
0xEa2f996AFFA4F941f92FC7bfBf9973fEA252F0e2,0.33%,20
0xEa8fd9cF879CbBa20c135b26950B9045B4bfDB53,0.33%,20
0xeac8a349d0b56797c1e5B2517C9c660A140f07F3,0.33%,20
0xeB17b18D1C1503E6F090fc15C2318903d0A906f2,0.33%,20
0xEb2A0fC8B8A61D7495540874D032182BBe200FF3,0.33%,20
0xed6208d73f99d423355b85067f8c4ddc6a78c0d1,0.33%,20
0xf1579FD5Bb13D32b95D0Aa03D59cF23a30C1D151,0.33%,20
0xf227a52d0BbA36F1eab180E85E018aDB42a84b78,0.33%,20
0xF3E36e557A325AF44aCc5834759055819e22Aece,0.33%,20
0xf3EAB2365c8689D7d429e9Cf03C78b29F07907b1,0.33%,20
0xF43E8233849aC9E66Bb183a66a5F060af0BC47D4,0.33%,20
0xf53D2a27FF7DA3f60F6a41Cdcb7acB0eBCc8c094,0.33%,20
0xfce29c4fdFB76AE6211e8A8Ff8A352eEBFd4F3Ef,0.33%,20
0xfDD232bB32451d1e91c8bb0503d2664b452bAf68,0.33%,20
0xffB5999828236e2fEC8Cfe4d24845eFCC608a49C,0.33%,20
0xD070eDEF4e2A3b3ea5037bc234c9e2111B84AaAB,0.33%,20
0xbCC081a2F328Bab400dD8D1529aD79764AC17C3f,0.33%,20
0x70b928900E9e853d2d6BEF4998a74133aE7fc888,0.33%,20
0xa4E69790114290491957419D6174f459348a1157,0.33%,20
0x317F7aA365570F3105a6725Ffb647069507f6408,0.33%,20
0xB76664E56f499f2435Fd6C55c095464B62204185,0.33%,20
0x00a0e856dF6dB7E94099A8b0205A14ee6ECbeD5E,0.17%,10
0x0101EaEE8D0013234C32936963FF504a9954220B,0.17%,10
0x04b6eA5a19b8945eDdC4A141408ec34C2A55a34e,0.17%,10
0x059F07Ab96e4E66BE2953dFA91af15Ed1E99839B,0.17%,10
0x06330A0dCB4729e90186d7875b7f7f0824971d3E,0.17%,10
0x08471F1fBd6614254AA360c82D40D49D014710A4,0.17%,10
0x0895B09824d0c7E663C32703aC8c0Db9bffedF8B,0.17%,10
0x08C95Af785D10EC7Ff67CfE57e69E36cC25cB83A,0.17%,10
0x08f4D9A058f684382AeBCf9B18e070C139b00c9a,0.17%,10
0x0b9ed3C644cf840a7F4cA473c07838a373a02892,0.17%,10
0x0c8c1fa0CCAa418955c3A98dE004D6D9a88E8983,0.17%,10
0x0F9f624E31618Db861FAB3E03C5c0Ab994956Ab4,0.17%,10
0x0Fc69c0b2739d1dDd58dE4ba51F3bAD42E6e6bF4,0.17%,10
0x1017378c6241e8d83bd9be29644f7085b69dd0f3,0.17%,10
0x11eA9589d8ad2f6D48B340b82148b6d96a6729e9,0.17%,10
0x15542587C265f804E2579D30b83b261A6A717Fd9,0.17%,10
0x1573d87ADCF270cA07c4d6800D2910D6caaae9eA,0.17%,10
0x164D15c66c48475E2c36eee0F6c154E326EEec0b,0.17%,10
0x16af152145aeB1C7f9411C1CA5c36423D9A0D863,0.17%,10
0x181C27b57bC055655BFbAACB5614e924E1AF15A5,0.17%,10
0x1a13975b89fB2E19a6c35Ee38E22c9EFacc837De,0.17%,10
0x2079e0bD4746e8f681Cb461F85158D3292D5c9fC,0.17%,10
0x20c6F73a8f39Cba0597B8bBA1073cD515e4D7Edf,0.17%,10
0x22819218E59D99769D3B0650880e77e8E007E222,0.17%,10
0x23124959db7bad674fd907105874bf696abb2750,0.17%,10
0x24e03eC5F472eC1d7f1FAa8106A24e1638D77D10,0.17%,10
0x2640826db83E38aDCE2083D1F7cCCC5eBBC601F3,0.17%,10
0x269A1560abAaD3C249bc2Db78d172e84a48dA3DE,0.17%,10
0x272e1bFb0d4489A3Bd952CCF63E4C3F52982f91F,0.17%,10
0x288a5854688C1eE5fBb2959afBb6F07fF29C6b7f,0.17%,10
0x299016dD4bB67E0dB8Dc67fF26f0c3c95966Ec1D,0.17%,10
0x29d25f171EDfD17B5bB0b66628fB5286b7D29aea,0.17%,10
0x29f3934c71b5a4771b59c910ffa41287a64c4291,0.17%,10
0x2b73Cf1cEa5C68f4d982AeF0c858f15FF4119e2e,0.17%,10
0x2B96749Daa7f8219198f89bF802D5f69c90c0110,0.17%,10
0x2d351b3E7744d72660A77301cFbe71D9E4fa5044,0.17%,10
0x2DCeE554314d55CD93e7A9CDB22D07c0a51b4288,0.17%,10
0x2F930C48319A3f6AEf8a50587C5dDb7c40421383,0.17%,10
0x2ff5E61e40deE544c6F510a9928fb657C88C8516,0.17%,10
0x30ff664d5d4cf8e04c2ac1ee9f628e0e21878731,0.17%,10
0x315F355D2af7c844824459B60C570ccd4D28059A,0.17%,10
0x3217871b96dd022200340c194face4ab239705a0,0.17%,10
0x329a439Dc9ee46a8fb4A3F4a84aAc9d6F5277950,0.17%,10
0x36F50C8c7E5c8c59ABe5e5d1202B3eA4A7c859ef,0.17%,10
0x3723a3C595cbb47EaD3FB744b4eB90C2fa3371E9,0.17%,10
0x38B3D4B560825d42f8eD4c8eBBD41a849223C334,0.17%,10
0x3a68e7285857030C7bac691E18cB3DcfB7AB5031,0.17%,10
0x3Af99B245330E231Ce32C2B22B4aD45bc27e18cb,0.17%,10
0x3C801688980C1EAC1CF3ca9Ae3DC092dE29BC3Ab,0.17%,10
0x3cf36914EcC5Cbb2EdD1A51f88a9804F9D410b89,0.17%,10
0x3d435ff1e607a0cc2818ad272e7a7a678be81a0c,0.17%,10
0x3daddac5e7c1afa3f61de908a6094b549d2d3a8c,0.17%,10
0x3E1dCCDF07a014441178F1749dD14dc9160a87E6,0.17%,10
0x405608Bb4cA8bB1B3F8B7899Af815E4e3aDB068A,0.17%,10
0x4477544A455DD16a63D097B966a25F72978a8b79,0.17%,10
0x448811Ca2806a04AC3d1f356537dACC4D03AEE87,0.17%,10
0x44Df14477E3bc96F3d9eB2Bb970d7d1e65a55DE3,0.17%,10
0x457b2af50140d790d93396afb24f61ba9844520c,0.17%,10
0x45d06E16f5A52Cc85561D1C05704094cDc775508,0.17%,10
0x4702f25D0870fb2B3eFD50742d93243F57b7262b,0.17%,10
0x4843eEee9C10822e040d8119691dA909192680dc,0.17%,10
0x48d7d9E85f90C3489910e5E3461d19DB29a9A35B,0.17%,10
0x49445612EdE0B56c0acf0CFC7c866F5D33Ab2d75,0.17%,10
0x4bEFc34640B675E1E8f0c85c0600892cC858b0c1,0.17%,10
0x4d02af17a29cda77416a1f60eae9092bb6d9c026,0.17%,10
0x4d998A13Af3007D4779ec7bf5d2e8a3DE809187D,0.17%,10
0x4e505ba5bbc29483cbcae0f32f8d675516e8904f,0.17%,10
0x505d9a260000fA2D35440cB9DbfF37024038D798,0.17%,10
0x50aBE6d73bc1A4A20e87D9707eBAC862fBF0CD50,0.17%,10
0x50cd754e956f7a4026185d195cd4b6bd990408b5,0.17%,10
0x50e49a3237454e3538bcCCeE025282e30E2C509d,0.17%,10
0x523c1eD71f187c80bffBD37a4555fC9Fa6F0EE4A,0.17%,10
0x5623653B86921e316f481F5C5EAdc89E1809e5fE,0.17%,10
0x56833C6A0Ba7AA5Ee749A2c3dEa3039f5383cEF8,0.17%,10
0x56f66eF97E8a04b67BF24c1BF57C948665493E24,0.17%,10
0x5AcA8d6Ef53678CbD234911523362fD7EF37D550,0.17%,10
0x5c6EAb623d6077cf754aDBeA779a127C2a97539D,0.17%,10
0x5e39F37B10FD3d55F27aA21f4b82a03bd0AB34A2,0.17%,10
0x5f07edCF840b55A6a896F93050fC082C668A0254,0.17%,10
0x5fb868276de70305D759D26F6d7F272b7F369bC5,0.17%,10
0x60540071b9d49749993C269cEfcc46E1EEb43d8a,0.17%,10
0x619dBa6A9494FeA1F551810882D7BcE91e374aE0,0.17%,10
0x61dcD613bD17a350Bc9A39b8F582C27DA0E914C9,0.17%,10
0x62D472a707dbEff759C5e8C9737f9DeA6A61FB8A,0.17%,10
0x639c2DFC80b9BC6f456146f4785f9d02DDc250E8,0.17%,10
0x6524BF075cA22935eaCB4f85a75D7e40873c0Fa0,0.17%,10
0x65A3E526a42118c29C90ab74AEAe3F5b2A261182,0.17%,10
0x66f4a4BB1d27035241C46abC0244cec1524F3eF7,0.17%,10
0x67fd645dcd3c2408e81452941c74f2cd066cb2d9,0.17%,10
0x68292357E9b0B35E08861CcDb53290BDB92999C5,0.17%,10
0x6941b9f6763993f2f31b94f3fe08489b26368da3,0.17%,10
0x6a996E74d044d346B452055D04b2c2F4AeBFEc89,0.17%,10
0x6aA13AddB4D628ec5531f0cbE9dE605FF76a43aA,0.17%,10
0x6c23bd863fdBfdBe9c91a954863185a0F2AE4721,0.17%,10
0x6d2154069ed7e0951177bf92ca0a1268b097a294,0.17%,10
0x6Ea1881e0F0F126Aa9c8BB33EB893B197bb9BE31,0.17%,10
0x6Fb3C0FF7012f51Ed49341ffc283de2aE59aD0b6,0.17%,10
0x70c33DF3d61c751bC42DA00054b785ABa103863b,0.17%,10
0x73223b3bA81DDCD775dB3bE60BD5CFf052BCD382,0.17%,10
0x733C633D653345AeD82fFfa8d81cC01a15C4ba1e,0.17%,10
0x785B9d476eafb1E81f83Dc539ea95C15E7bdC3E9,0.17%,10
0x7AcdF8532A4572bAcf1e9b242cA2545482786a55,0.17%,10
0x7C2B85eC3c1012AC3139D437C5CC7AE0f64F1769,0.17%,10
0x7c520d34d4370098182E85D550cAa1d78FB10283,0.17%,10
0x7C8F39f35Ba890Be972D2CcABab0e3Dc99A82001,0.17%,10
0x7EA0f94c1D2F70783E6F427A9433459C76003630,0.17%,10
0x7f4476A098a0493571367BE6Bbe72455EC17b1fb,0.17%,10
0x7f76d15c57df1a4a6a9b92a22bcb67b19ec20231,0.17%,10
0x8091EdE0a5C09F8c7323d074f98f13A94f28bDe1,0.17%,10
0x80b8E8228AEd9bb9BC813726a0460955e8261921,0.17%,10
0x837580aA2f28974f8801D3038abb3D63E54C4043,0.17%,10
0x84Ab58Ca0167Ac4f9f3f1BE6FA8912e5DF500a1A,0.17%,10
0x85e5EC20502f8aBa5a949451DcC83e9d2A337E34,0.17%,10
0x86ABE7D9ea9bfcF3F719D91AaDb1Fd2E2EC31073,0.17%,10
0x8aaC10A432f458C05ceA8fD19B71853E4de0aF7B,0.17%,10
0x8B21A0d8917625f91Ce45EF01042E1d81b6DeEE2,0.17%,10
0x8e66ED6fDC1e19983Da7c4D7A4F3b3F22876300c,0.17%,10
0x8f38447A3Fbc19973C32C3C50Da42bB84a1E1476,0.17%,10
0x8f4a2d5a199e1722d226c17aff244acba3dadd3a,0.17%,10
0x8fa73d8d7d1b5fb1bf3c47358da40a0b49043c5e,0.17%,10
0x90d339bF4610c995a3Db2eEdaE9decd52d59b678,0.17%,10
0x92b39E4C14A00A3Fb4F0a347237b35236684b458,0.17%,10
0x944c57E353c601Ee61066d3d1a7Fa86aA4896640,0.17%,10
0x946F74dc70567E1a91ee0614d8f6326aeA1370ec,0.17%,10
0x94859452Da7f0776bFa895e6598d76d1340d530F,0.17%,10
0x957e127A1D299E775b6e4e3cfB061c4B1407Ee14,0.17%,10
0x959e2a4db1fA5d56B810759f2E6D80a01Eb9E892,0.17%,10
0x95e75512b2ef7Cd9789863bbAA613f44a43E4dd8,0.17%,10
0x9676088C985789A530B0d4e35b612E2881CfA2C0,0.17%,10
0x96E1991eBD4b08975cBDca89d09FE7b677Af407B,0.17%,10
0x970256a45681a36C4F21E5c9Ce100dBE464A0B2f,0.17%,10
0x978dBac9FE87796EC1a6FC904DC9b878452527A4,0.17%,10
0x97b3BA3ed727082aEEfc30f46f7D648938a06d39,0.17%,10
0x9Beb1c42d03494Bb0C08417E28D402b92FBC8626,0.17%,10
0x9f1700829173C67C49A3D07Dca9447c121418CB4,0.17%,10
0xA01b254EaA9809eAc86564E0C20D96a2bA277b1C,0.17%,10
0xA27497315553eb215a13bB7C49000366Bc067337,0.17%,10
0xa7F89555236aA2C814cfb65FD92308bDB2587584,0.17%,10
0xAA1DBD98fBeD67A249286eCC17cDb63DB1a10806,0.17%,10
0xaCdA2D74768EF2F0435CB578C15048925ed14Ce6,0.17%,10
0xAd97523928028D2bC4e50f34b45465a6d53bCD97,0.17%,10
0xaDE67E5B8DdBA109C3358a922425dF9321266B0a,0.17%,10
0xaE3754df0459fA3c5A65A90155d71E09c9a604Fd,0.17%,10
0xAE674F85A4E467bce5c2bD9e30979AAF0532f518,0.17%,10
0xaeeD6DA0b6cb5c72D0377FDA6da9DD316BCBfc9a,0.17%,10
0xb18AA9f5f4D1f85418ee2460d076Cb89854B2628,0.17%,10
0xb2dd9d30e60aa1E48875C74ba450cA938E3Af408,0.17%,10
0xb626BF8Fde033a575356BB7f757f0833E5aDA8D2,0.17%,10
0xB96CdFB0486bF4C6ef558558Dc351883Bec7D263,0.17%,10
0xbb3b28960f3e5c931422d4fe380bf902ac03b368,0.17%,10
0xbb56e2a58D2c43192407a4388b507e23A28025fc,0.17%,10
0xBF5926098789ccad55f4fA4976B302a4E0b00536,0.17%,10
0xbF90fa156C566d0C32996dACBca0F79F8f0478a0,0.17%,10
0xc3d0f19DE1CFF07ca4A550A9D956d9A8A9AFe742,0.17%,10
0xc3fc7df26555ea9428f57714acc114768bce62ee,0.17%,10
0xc49848DeaD322d702b71AD7631a9183117a95282,0.17%,10
0xc4c1e91ec760e1bf75b138b718cdd95b709d3557,0.17%,10
0xC8e695B30EF512AE634007efa89A75E1421e3055,0.17%,10
0xC91315CB6e226DDC18C2E56d4fA1A4c35EDCDec8,0.17%,10
0xC948f617D092E04279d08afECAA598A8e0eD45E0,0.17%,10
0xcA3F95ae40Abd59326618c76004DCCd75E5eDF7E,0.17%,10
0xCa91dE91b616F99358505D8b32e7fb3f98eFF533,0.17%,10
0xcab1ee41b663b712fd58fbaae2a1f04591107faa,0.17%,10
0xcb22a9F3acAde585082F84aDa2Df417D110588F9,0.17%,10
0xcb895dfa8808d0c5a900ced39da485ddc0bf31e9,0.17%,10
0xcb8f3C5D71f89d801163e37E8c71B3f4c85db9a8,0.17%,10
0xd0bB078f8a36f916c755e393561d299037b4327f,0.17%,10
0xd0c5c2426d07203644946458ec5e0733ee5b1a4d,0.17%,10
0xD148311FC082224e19F96D27EF0dd53dac2dCcEE,0.17%,10
0xd1Bac4ce73E37Dbe75f7F2c5EF966795172590cA,0.17%,10
0xd2a61844D1c5da77EA798868501E7B362b849a79,0.17%,10
0xd598e0Ccbbc94714422d544f1Caf162234C296bA,0.17%,10
0xd5E30668e3ABc8cA5F677D7A25AA6D448f7eA9e0,0.17%,10
0xD6aDB0143b70Ce6479748C112b86E0D465dd48b5,0.17%,10
0xd8500631e7abca83716725aa57027902a4394ef7,0.17%,10
0xd9aB5cF637E2eC9a73A858Cbd591Cb36933725E7,0.17%,10
0xda21bCAbF7b21A1743A63E3504FdbFf205502F36,0.17%,10
0xdb656933BA52Ed16154aB9c2e04fad020411f005,0.17%,10
0xDD080cC45e0C5e594D8ae08d0772E6A04fcB0773,0.17%,10
0xdf290F43492D2e4834B885cF11FE4aA5ff3C3305,0.17%,10
0xe2D64dF8cFf06F20E66d685D814Cd85414F32e73,0.17%,10
0xE3789D8044f9cCAd7b70f9470d0D8116b9b39FBA,0.17%,10
0xe3D21B1C63EDC070EA93FB8B29cc05f10A2AA9e6,0.17%,10
0xe4D6Ec077F58e97083B09e543DABbe5A6218cA33,0.17%,10
0xe5B6bd3931273F9188d25f4559DE17FceC206510,0.17%,10
0xe6bC95f98e954bD84Ae3AF14cA1a8f4509e4a764,0.17%,10
0xE7294495206c1F5223D7F0C59B004Ce971760541,0.17%,10
0xE778d9edFe8c21D0D5750DC2a73C4cDEdDEA0044,0.17%,10
0xe85d4244E5eC1790c36D8968E5c1B4ee2a557243,0.17%,10
0xe8e83ddfc373bbbd22edf5a80a30ec7ded8f2b47,0.17%,10
0xe9A5AD06daCa1bf8d48C9Fd98dDfbd34E8Cf0776,0.17%,10
0xedd914BD0208d521c85CE603e4d401Bf4e888785,0.17%,10
0xeeF9F12cDFe9E79709dbf6879D0C12C0b367013B,0.17%,10
0xf0550405d0D7FCab84A87922F51107186ae6013f,0.17%,10
0xF2Ef8Aa28EA7E38043D71D6e1aa011030bc31c5c,0.17%,10
0xf3384c1960871b7451CcF59B5FA654A137a79E34,0.17%,10
0xF3c3F9f60BD25144738bE81Da0d8EC709d6c997c,0.17%,10
0xf417e3ca84e5edfBB711d4a2F2107999359ffAEb,0.17%,10
0xf47cD6aF843fD5aC0B342Fc296C26a00Dc173470,0.17%,10
0xF4ba18355201699c6135B82AfFEd3805e610C670,0.17%,10
0xF4F952f68E8791E04F3824f13c90faddF7db538a,0.17%,10
0xf5dd3E16958bF7d0a1784Bb2C5c0BB2bf36f335f,0.17%,10
0xF81a48410c448B1D587Be9BBB3b23938e9F4BFd4,0.17%,10
0xfac9869ba1823d262c31a54a5b57ba42f7585067,0.17%,10
0xfaD3633454841BA4277b59492e2e18f69CE9dF5E,0.17%,10
0xFB9b3F93973DA37723B623B6ebD72dc1c7C8897E,0.17%,10
0xFB9fB553aCAEc0D991ACdbbCc3Fd837b3F464270,0.17%,10
0xFBcc618980f92e8a42BB36319343E96112836835,0.17%,10
0xfDfC50E371ecFEB94d5eCcf618357F4c447A99F0,0.17%,10
0xfeb06b8A7F833ac00DC93b783680bE3aa6324787,0.17%,10
0x1EB29070ACAd13891F2Ed7ACef5b30463EDaD03b,0.17%,10
0x01c3f2320786c7e68094039088ebaaaf38d78e3b,0.03%,2
0x01d51c530a0ccfb4978a8cdb394903d2451a4cd0,0.03%,2
0x01d9799410061ccc2dab6b1ed11700c23ee17b3b,0.03%,2
0x01ddce6623dae025ed36ae22e12d5b989bcc04cd,0.03%,2
0x01fd05a5f3ece864be387456991805f6e1955937,0.03%,2
0x0219facc297d9602bf8fad06e43e41f80d3042f7,0.03%,2
0x021e1a45f8ccf57bedb37702f87f3991e718acc7,0.03%,2
0x0249bad1a9560a0ea754e12fdda650be9f46c7f8,0.03%,2
0x027dbae8cae90469d2e9ebc6e93ab8a0938d9de0,0.03%,2
0x0303a1dd3dc0bdc60a5358a5f23868565daff6c6,0.03%,2
0x038bf47b6d00a91c9bbdecf00f46d9192658eb49,0.03%,2
0x0391314befa3c5c52e560aefdbb5a1300f058935,0.03%,2
0x03a310d05f0521f92ba377582f52d7d1423b93fd,0.03%,2
0x0496e3e59df437e337d33f69fd0f92da3ea4d154,0.03%,2
0x068ca18455849a70b0a2b70d1d36039c77f44343,0.03%,2
0x06a4f7296a882a4793d3d41b8846ab5e2bbb4c0a,0.03%,2
0x06b4f02100e6757bb3d21291b541bbaa80f6ec90,0.03%,2
0x072213b5322bf1baa7a929f19c984b0642861d16,0.03%,2
0x07308c5af912a6f49f46be51ed5f76cf4481bff5,0.03%,2
0x074d190ba7191d5b272865b13506695a0ad7c62d,0.03%,2
0x075c32a7df52353aefdd7e17d629a2d00738e3ee,0.03%,2
0x07ccff2b9519801823e25bd05db7d50e1fc2a77b,0.03%,2
0x07f40e4bc71e1b6166c7b3cdc7fc2ac1a3e31284,0.03%,2
0x083041d85809f092ba751e6eb71da1c234053d0c,0.03%,2
0x08760dc5e12223151515c7716e1b90904c509c29,0.03%,2
0x08f05f036e7a59514c566d7cadf63d325e024a84,0.03%,2
0x09178d8da538092c20a4bfdff31d05b25354fe90,0.03%,2
0x092f5d5c85baa77d022429930bd3ff627bf6ed6e,0.03%,2
0x099b56fd9c438b4113762101ebb4010d7da1e01c,0.03%,2
0x09af0d4ec0c174895846d553b3890a6562bfc10b,0.03%,2
0x0a1260e00d5d019195a01aacc61bc6f0f5a6b399,0.03%,2
0x0a2ff3cb3c443e75b36eb1d6e1cc05ebc1d67974,0.03%,2
0x0a574feef18cdfb3992c679becb411c0f9f924c0,0.03%,2
0x0b5058f6caed427334fefb0d29af62d70ba4863c,0.03%,2
0x0b95f218d9032ebcb9ea928c7621e2ec7d19e390,0.03%,2
0x0bc0638aa00f6cf3a45b4ccabc191ac7d2d0c785,0.03%,2
0x0bd48892671650cd5377368ebdf9a19b09837f08,0.03%,2
0x0bf1306d1bf5168120c0aa2284b2acc50d8df17a,0.03%,2
0x0c415603f88ddcac90a2a9b9c99b27edb6e79e97,0.03%,2
0x0dfffb3a7a2a65447e6fc8bdf9a8e60eace1d192,0.03%,2
0x0e10d650bb2df77f2f38b258dd288d5258fe46b4,0.03%,2
0x0ecfdbe99cd4f9c73750ce767a46492ba1369564,0.03%,2
0x0ee86bddc8ecf52af29cb08d1e4e2e8709171344,0.03%,2
0x0f0a8ac5ccaf139453cfc76e6d76dd5d02cc26ee,0.03%,2
0x0fb2dceff74694bbcca1ad989e722a29df94f27a,0.03%,2
0x0fed91a2e5304ddc6201fefd756335195e97410c,0.03%,2
0x0ff63c6c4bfc9f666c0a1e2e10e15fbbaff49f32,0.03%,2
0x107ff6c503cea02f7f56f98e024e3de094e7fe03,0.03%,2
0x1118f4baf2965d4373580dcb210681e4d2329506,0.03%,2
0x11244663ce97ae5432e9214afa8a64f88b57800d,0.03%,2
0x1133f662e00305b5ba031e0995c848c10020c408,0.03%,2
0x11cf22e544a9d68f6764b068b28793d4bc91c810,0.03%,2
0x1298926ad63fd1a5329fbd75b45cb48f4e8b6d86,0.03%,2
0x12d0ced4220f5acd0b0749bda0747a2051fbb280,0.03%,2
0x12dcc50a9a186bf39952f3475a68d9cb2d0d473f,0.03%,2
0x1332b6daa11d35665f225b211270a27618eb3b00,0.03%,2
0x134966323eead371f5fe9850bcc0001bc7d615cd,0.03%,2
0x1373bc55a57562ed6125acb62a4f1bd451863b24,0.03%,2
0x1376e6532d640839deaa16a187ea6706115a482a,0.03%,2
0x138fd85530f45287b36f9ac51e784a65440fd888,0.03%,2
0x13ba75ea71e07a1086a994de7962b699e40faea8,0.03%,2
0x14eeaa8e37e49967683674af32beda487331817d,0.03%,2
0x1636340c1e1464e4b90dab80b3f66c5208e1df05,0.03%,2
0x16a24d80fad76aa37e3c5051527768cbe6897b70,0.03%,2
0x1730cfb423bc26ce760072b5998f007f2905bf9d,0.03%,2
0x1761042b43590a755478d1325b6424885e6ab8b5,0.03%,2
0x17dee1f3efc16e4f46a455bbb98724d95780e0ec,0.03%,2
0x18059594655831b0eb03866e89c83ec936069436,0.03%,2
0x18196a781eacc429e0d651121732642de1097a4b,0.03%,2
0x186258ddc9fd7c1a808e380f2c2fdf07621afc79,0.03%,2
0x19888d3c632d34b5bc3cd05e6f9a95e54250a1a1,0.03%,2
0x19c4bad8f252cdda53699334c531dc4d08b3587f,0.03%,2
0x19dfeff54ff73008e3fc384d0484e79a2b224d0a,0.03%,2
0x1a68a604fc403d45c3d18c61990b6e3587c58b05,0.03%,2
0x1ac9a459275bec4e135d32b6856cb86808c0f576,0.03%,2
0x1aef35707c67366d31114bb1e46d323493bde11a,0.03%,2
0x1af85b7e0b293d552488eb8764b2170da949817a,0.03%,2
0x1b2d47810067d98051aa7ba518e90e4d7ac909d3,0.03%,2
0x1b3b9db53e6fd6bf7bc3aa916537682ff93efaa6,0.03%,2
0x1c5f31d2571260047fc0bceafa8aabc1cebecfa0,0.03%,2
0x1cabfa80a482a15e46457334d1c4bb311216d816,0.03%,2
0x1cdd089007d5e252220b5028a293b097a812f393,0.03%,2
0x1cead3374a856061be00f5c6d2a035eedf1c3c76,0.03%,2
0x1d71d9d98497fb2740fac41af7aef47ef8ec9ca7,0.03%,2
0x1df28a7b5524e0aad3a76b52240211cbfb9cf64a,0.03%,2
0x1e0be82ead163cbe1257cbd3088dea35bf95814e,0.03%,2
0x1e379e0ecffddaffeefad48b811bcc873c199e28,0.03%,2
0x1e70939b2cb3056bcd048317a0beb754e4b04d75,0.03%,2
0x1eb7d411f416946e33d9856bbf00d5886a6c3a66,0.03%,2
0x1ecc2c9a2aacfa32a7d020a25ddec86f128efda9,0.03%,2
0x204cdc976ff00e16231603003c391f9bc4b8b519,0.03%,2
0x2058929a04840eb1a1ed5367b7027f0dc9379920,0.03%,2
0x2061c5043115a58a1eaae3fe51bccb1f5235a3da,0.03%,2
0x208c23dec205a3bdd56e81bedfb134deb0f9d111,0.03%,2
0x211f28cdc8b18d8df719575992336c3dff1e5238,0.03%,2
0x216910de664923dcb3a468b264c055a6e2fedd0a,0.03%,2
0x217aebd70aff1665f9d3f3af2b38e3af90c0baa4,0.03%,2
0x218fe4eac0b4f4a0c8db433aa9b1a51612ceb85a,0.03%,2
0x21d90e6f18f3848d9e45f34bdb4dfdde3fa09d1a,0.03%,2
0x21f74bb7dde14b2d5da36df2d57aaa891e3a0039,0.03%,2
0x2210b38ac0b2db2c75e7979f469982cf744e03ec,0.03%,2
0x222cf246a3d56d61030ca49f5e6ffd6c20c3dc4f,0.03%,2
0x22596a13abe6e81f95779190b08a8549b998aa69,0.03%,2
0x228e3959467eda82b1008c97b395ce23850c1b43,0.03%,2
0x2293d882c9032ddcd7719e263bd56c1a0db56f5f,0.03%,2
0x22f29cf0c890849de5dbc7cb15d18f20040d28e6,0.03%,2
0x237fcb7799f2ab32f252c1df2737f3051923ed28,0.03%,2
0x2453a600158553f15a0f7a51f7cd957d2906cbd9,0.03%,2
0x2456e5eb5fb7a50242b9bff710fb81aa176fd744,0.03%,2
0x2485ee1226695a79a4b901adc6bb99d9165104f2,0.03%,2
0x24888ffa8e6facb6bf5d0d6d68cc4e18561bea19,0.03%,2
0x2502e740e4760e048e82840e6818500483dfa1ca,0.03%,2
0x25da6d2e79cc8b74d2bb5248e61234f85e1a4cdc,0.03%,2
0x2615b05fcbd490232b4e1d399d5710baed92ded8,0.03%,2
0x26a991770d72c1ff9246eadbde07a3fea8bf223b,0.03%,2
0x2722961e46e1ec21a5885e6a5e58dfe5c3e047c6,0.03%,2
0x28585d97f7d77b7a269c9513a98ca316421d8749,0.03%,2
0x2897dca2d2c4c168a1666306c9660db5bc8e0079,0.03%,2
0x2ad267b3ff346792f0526c740aca709e40f04575,0.03%,2
0x2b1c729e79e76476970f0aff8bc9b4258a513f72,0.03%,2
0x2b572bb8e3a6d8aef8df3c8e908587158d2a4dbb,0.03%,2
0x2be0430fe9c85cf38384ab8e38a3b578b775b908,0.03%,2
0x2bfb71ad67f2edfc21c3818e18c0e708222b0671,0.03%,2
0x2c2ea7651fd8060122517ccff19905c27ecb3865,0.03%,2
0x2c548e67b0bc9485e60c68fa61f1e0c9843e9b69,0.03%,2
0x2cc736f885345e8c5adb6d782066c98db248c80e,0.03%,2
0x2cfc5e000af465a2b94e7843f249766a81558400,0.03%,2
0x2cfde5f48c96063a60929f945ce1b4711db5ab03,0.03%,2
0x2d346f421f1498561c0183aefbe153e524a4b438,0.03%,2
0x2d386b67a14c13fdf0ae9fd43fdfb219cf09e81d,0.03%,2
0x2d9bd51cc35c6f14ec7f508eee771168a8364e26,0.03%,2
0x2e3afd6533fa17bdc603f80ba07152567f2aee72,0.03%,2
0x2e5fa5c87fe23cc6c1bdf93f3acd54eee4c1a340,0.03%,2
0x2e79b28bec598a1fe5db1ec85ebfb9fb114aeac4,0.03%,2
0x2f81236befdf1586e071aa84bea1ef257fe23d1e,0.03%,2
0x2ffb3aa7b4dc46fc5ac718f22e3db230c329903b,0.03%,2
0x2ffdc21c62c1082fb49b5c162c05f5621ecb4d8a,0.03%,2
0x30076c634b80e64d05031ea481435ad599bccc28,0.03%,2
0x305f2e89d84404d9ad508913603be824c7249238,0.03%,2
0x30a0f0bf5544ceddfeee9caf5267358a12db1ea1,0.03%,2
0x30a88c1f1ab724cb168a1037010e38c73c5df85a,0.03%,2
0x312a70da2710e09cb9fcbb03c0748d0e5bf08571,0.03%,2
0x32238f2775182eeb4249b7aa5eda371c140699db,0.03%,2
0x323d0d2a63b1a0628e1856d4672198a8e6a66469,0.03%,2
0x32625701f5433a770120b160821f4008117f0839,0.03%,2
0x32f8a0db8074fd54b72f0720b70eacd0aa5e1182,0.03%,2
0x335fa60b7085dccaf9e1c35ac2c1a2a256abda3d,0.03%,2
0x33df8400b73136c3ed3d658a4384353f5d903eab,0.03%,2
0x3462adfac4689c1571f16185e66eb1b7d9aba3ee,0.03%,2
0x3537fa9b18e1d6bd074fc2e3ee4162d913c1231e,0.03%,2
0x354321eaa60588c148195ae26de875b82710e2e3,0.03%,2
0x357f99befe99cb3b284d29abef0947360af9dbdb,0.03%,2
0x358d075528ef59c580c561d9a355fa54c12a2bc5,0.03%,2
0x35f3895a1449fa645d85ea75fb1e209cac2c1b17,0.03%,2
0x3622fc18e57d4adea145a4d411fa94c0135435f0,0.03%,2
0x3647cf58abaf1e5ce3d90fefd4791458127cc834,0.03%,2
0x3671eeac3ab79f02716bbe75469e7f5fccff61d4,0.03%,2
0x3680a8a001a3b992d16c2e7885a573ab218fa04e,0.03%,2
0x36b069e7892aad6e7a92ba3214afed8b49bf6d36,0.03%,2
0x36f8e2f70b4638335222ccca3d3b584ab9058984,0.03%,2
0x36faacf9aa844cfa75e29f243a8a342fb45ff8eb,0.03%,2
0x3814e37a7970d47a112e5a8bcf2fcc1cb1a6deae,0.03%,2
0x38d0ef4e11ea276ca9a61e2f7310772237f196f3,0.03%,2
0x39074b2b4434bf3115890094e1360e36d42ecbbd,0.03%,2
0x390d727c1fa341f9933bb795e89a9d0376811842,0.03%,2
0x3932b8f9e7cffc92acde70abdceb79c1df8acb17,0.03%,2
0x395130c6144105d979277819173c65a282133020,0.03%,2
0x3952fe0f1d38c8378fc3c35a1a44f69f6e0fc1dd,0.03%,2
0x395489949b1b895583ba4a3b60b49c9c444e5985,0.03%,2
0x39590cb14164ab0e3ad1495d56dce9c26541894f,0.03%,2
0x39d09767373221b53f499bff686cd01a3ee3e526,0.03%,2
0x39d6e4c28e420d6d411bc18b033f75c624ec70e7,0.03%,2
0x39fc357b2d7f35e4b72d550d855521b1c22db511,0.03%,2
0x3a2ee4251d8490ced7f3a5977977c75a5acd26bf,0.03%,2
0x3a74aa90ea0ce6d53cde76a6e247fc8365710ed8,0.03%,2
0x3a75f02a4e1f23a18f3556dc40b692ce6e359639,0.03%,2
0x3aaeca03eb6fa5dda3ab60aced96aa591ab7c924,0.03%,2
0x3abb3091861faaf3200cbaf10254a91376c2189e,0.03%,2
0x3b06d2bc13e6fca10eaf98d4b3457f597a5783e7,0.03%,2
0x3b6067d87f338e7e39a12e1b6e6570ec51481d46,0.03%,2
0x3b62854221b674760306f45e7cdf4fdfb0952df1,0.03%,2
0x3bc0ab9c16bb49b0b2f5dbdda1a99ecb63acc08f,0.03%,2
0x3bca2fb054d1fd6dac9d22f1c7188152aec0fdd8,0.03%,2
0x3c528408788276e375849f8f8cec70d496c7c7d2,0.03%,2
0x3c77d21b98dffedf772a79187b9cd92bb423b803,0.03%,2
0x3cd6f99e47c1c81219fd80f1772369cb61841b8c,0.03%,2
0x3d0d7082076699701728245101e03be2d52bc830,0.03%,2
0x3d8a6503407f0527c41db462802409fcb7049810,0.03%,2
0x3dff083d1b045fa637f114ecb7987a412a573e50,0.03%,2
0x3e682636e252b52cb0ce4d9b24973f14fb0610b6,0.03%,2
0x3eb2efe514d73f9ce521e65e1466c9374736016d,0.03%,2
0x3eb44a3531db46a494e08689943a9f2dd9e938db,0.03%,2
0x3fa8de6067c020518c89bb03b96fc5caa61243c0,0.03%,2
0x3fcf5adaaede96feee3f41231173600b08aa221c,0.03%,2
0x4019ca9ec529900f84485ba1937133f44c2a12b9,0.03%,2
0x401a46094bef0073916ebdf3797989ab90eefc25,0.03%,2
0x401b09ffe98382f908df918f7b67ae8808d236d3,0.03%,2
0x403b7fc6638cff3c10354fd6020e0d07379af877,0.03%,2
0x40e7cf2a6227f061eb320d03b25cb4e813b06f13,0.03%,2
0x4127d8fa1867d829c48da4ad93506fbaac44d564,0.03%,2
0x419a2b160c0db5da0011d8aa96f86d7a6fdd25a5,0.03%,2
0x41d57ab9b5bd04e033424055ef1c383236fbf914,0.03%,2
0x4201df0e89d9dc54eabf47c0f14ea3b9550cd101,0.03%,2
0x42280e048125eedd8adc22384017dfb88df896bf,0.03%,2
0x425a5ba3a5a55932b90a124c24a23948ad89f4e9,0.03%,2
0x4277601a65e44fef19f9655a5a74f5c5bf301a3c,0.03%,2
0x42caa023837abf951743fec2e8c9fb975c02ff8a,0.03%,2
0x438cc0f5980e6243436974dbea0aa329356d4091,0.03%,2
0x4406e6b2d125a401af00a5067de26e920c6d4524,0.03%,2
0x446729a33babfaffb61c54a180fc6e08be7e03d9,0.03%,2
0x44b9e78833ddb7e22bfd28e1e3648b8cccddab20,0.03%,2
0x44be98a3a38e249d7305ad0f19affa0f6aa5d41c,0.03%,2
0x44e6c1bd33e6994ca59e6a598ded2e3155d0bdc5,0.03%,2
0x44e8f6a55201d71539734c93976110bd0f7107c0,0.03%,2
0x46516b72da90192d27a8da1bf5d2e5506e85472d,0.03%,2
0x46f56054ce585854907806aa5f094978de9f741f,0.03%,2
0x481b88067e787237ad931ceb1b858c56586f12dd,0.03%,2
0x4827d91cc0ee0eb3747f8cf3642cdd6b11668dc3,0.03%,2
0x48e880c03ffd6bb4178ddcffef957d1b1663ebc0,0.03%,2
0x48f543cc183f9a051706d4ec885e79f91b2f4639,0.03%,2
0x493bc72e4000d5674aba9d19c731f05f0935bdc2,0.03%,2
0x4952a8cc22bb216cc9a69fd48b1a5eced5c1e3f4,0.03%,2
0x496a4c737318c9efbe68a70afb1e427a52945e46,0.03%,2
0x4984d5b1e86e483fe9f37e77bdcca88c5a67b1a4,0.03%,2
0x49f2a7f5c43ed7ed23c2c8b8c5aca456d1470770,0.03%,2
0x4a578fa0c8f261439bbee390583fdd7a63ff220d,0.03%,2
0x4a95a5153206670c8b3024df0b73249dd38513db,0.03%,2
0x4a98260ef060a866d8900caeca5d196e7b122d4f,0.03%,2
0x4b02139bec51ace221a411622647aae25b513d99,0.03%,2
0x4c4a8f8c8b5161ac533c3ded770093ba4fc8100c,0.03%,2
0x4c4bcf47a33f62f0535f3b70147f2fa46f63e592,0.03%,2
0x4c8f9d39c3707be9b3078d1dcebab9e725885367,0.03%,2
0x4d4ee864328798882d915653133a532d2b6f14a4,0.03%,2
0x4d72d4269ab46962713ca19cab8161a87684a163,0.03%,2
0x4dba09d91063198b38e78b4573bee32f350abc3f,0.03%,2
0x4dc54c4b6bfd40b37e1100eb159ac78d8129631d,0.03%,2
0x4f28e484b5da61b05d1be30dea0dbbc594155a9c,0.03%,2
0x50fa9c2967be2feb247192ec42a259128fdfd18a,0.03%,2
0x5138cd71d49f6c7834a592d351377f183d92b846,0.03%,2
0x51e742e9d2ce6bd6964b1871186d37dc6ddbdf68,0.03%,2
0x525eb517a3a70ed5201b3631abecbe473b178c26,0.03%,2
0x52710c3a7c16adf8c44b25ce4dbc6da5306be035,0.03%,2
0x53963064d574561d09cef778e53624ed5df58538,0.03%,2
0x53d4298e9fd219759b8fbbc9ed04b99a8eca4889,0.03%,2
0x5410a5b731d000b5240be3ec663f13a5790ebf69,0.03%,2
0x54452dc4c5d03220344d97071054ace7ebe8cebd,0.03%,2
0x549858e6f81d1ea773bfb7882162a687ab5afca4,0.03%,2
0x54c1cdc8af0502c79a6ad819a9ad4eb0682cdd99,0.03%,2
0x54f8fed14359133e2d0a1f92567ee50d0d61218e,0.03%,2
0x5525e812d0b31f46452cc7b7156936d1df41130d,0.03%,2
0x55e54e8817e09f724857fc0c622e31a4c142fb66,0.03%,2
0x560caf5b41632d87966c91e16221e7e24a5cf4a4,0.03%,2
0x562fc3da56a260fbef87ddece88364384bcc1dc6,0.03%,2
0x5670017c91b289190ca2c24fd060ebd709707386,0.03%,2
0x56b0704fa7b0a3d68e25200880e5df4eb96ab68f,0.03%,2
0x56b364f8a99404464a9448273ba3f40118b06a11,0.03%,2
0x579bbb620e7244a28cb7e3c28b5f70a139b0e29b,0.03%,2
0x579c870343d855954328ff0dced56b6890099039,0.03%,2
0x57b69c35b8b8714b0c8c7caf7760e09fc85f3e5c,0.03%,2
0x57e1aa447734ea5c8a0c01749aeac913ba98bc59,0.03%,2
0x57ee9d5416fccaa803bc7ba3fd7b5635d3a54933,0.03%,2
0x58bfd3d0329cf3981c681a67ad408daf66f1bf13,0.03%,2
0x59644e9f38afc4992e5e53d9d1c6b71e720c052e,0.03%,2
0x598b4e92ff3ff21bd0089e5fcc6f3f0c9dd0156f,0.03%,2
0x5a29d161c9a5f4f089ba754d9cfba090198f9098,0.03%,2
0x5a804eab096077f658836f6fdec2184f7ecfa3f3,0.03%,2
0x5adacc8bbe97695f13294fe1c677501c873f8cdf,0.03%,2
0x5ae00340cc5321659e4b712282450e08c7cfe97a,0.03%,2
0x5ae8e11d58784e620ba6a84522d30c8532900ed3,0.03%,2
0x5ba5bb2dda6770898855e40c2f2b5cd5d8e91d57,0.03%,2
0x5bc03a2eeed68ea100aaed9487b9c777f2071f84,0.03%,2
0x5d7f5ca8e26c44e009ff378f9608c6e332b0239f,0.03%,2
0x5dded7a657ce6cec23a3ab45eb03c037230bc77a,0.03%,2
0x5e9aa57b64a68bf28d73eeabbb5b50584e2c9a8a,0.03%,2
0x5f42cdb33002fc3af9bca89ba5ac13810429c943,0.03%,2
0x5f57222fa85193cc44ea2de750d00ae6447f9efe,0.03%,2
0x5fc8f1bc87b402623fc3ef4f96947d4e52b0a263,0.03%,2
0x5fce3bcda20843f8db0603ccc59264b056ffc3b6,0.03%,2
0x5fdfc473a78def7a41e34a2c26091039759fef9b,0.03%,2
0x5feb862eb40de7aefce1b47f775cc3b1d2bd5543,0.03%,2
0x5ffb184fd6c7c5bd9d171f5ea056dd01c42f2b11,0.03%,2
0x60a53a9daa527ded48a04cf1c062b842e117dcf5,0.03%,2
0x60bf8739ab8292a4a86f71dceebd52243f4108a6,0.03%,2
0x60e0a11984f9cdf98690bc149468f1d9c2de5dd6,0.03%,2
0x610f97392109f2dbaf46acb6256ccae82255edfb,0.03%,2
0x612e4ee3277214259ea271fa1942c79f94893055,0.03%,2
0x6318ae7d0685101a0c67543faf480a46438edac4,0.03%,2
0x638336678652433bea1ac981ee335386eed6c7c1,0.03%,2
0x63ec0b013c91258c40415e4f135f907cab816b31,0.03%,2
0x64019c64d22535115fb308f6f367958bfa0d146b,0.03%,2
0x64650190b0695799bd3c102945ccd9a429296b5f,0.03%,2
0x64737b6c29e198f4a9a293bb5320746c471f0f2b,0.03%,2
0x648e619e77d3707e0592fd5ea66596a792ef8847,0.03%,2
0x64a86cee6f619461aa609a1d58c00f0c29e401be,0.03%,2
0x64af2c0744b68335dbce0a8df2ac1a8bd44e5fb0,0.03%,2
0x65054db37c2f91d1dece0383a8774ffd7ca50684,0.03%,2
0x651939523729ff115ac7632f27a11f29729849e1,0.03%,2
0x65b604bca2bf50aabae297529aad945757298935,0.03%,2
0x65e24442b16602d95883d2379ae7069a6de8910a,0.03%,2
0x660ef030a311672d4bfacefcf291172b133aca1f,0.03%,2
0x662c2315180fce67e6c156e6337e8e1c40259e80,0.03%,2
0x669df3794a235f6cf64925e9712fd366e1c18e9b,0.03%,2
0x67199657a55723a8f4e229998d19df1a674fc217,0.03%,2
0x67a6c04225a048e1bef1369a1fa45ff0287e38dc,0.03%,2
0x67ad6b170e42adee552d5c0b9195eaa1f0dd9a03,0.03%,2
0x67c1e37d96d495c7cf9902089205192dacbb54e2,0.03%,2
0x67cff5a51c57e78e943b08ba6cc75dbcd76f82b5,0.03%,2
0x68fb73455560c4f82bae8e69c424a8bda0777050,0.03%,2
0x69295e9634627efb65c214f91241d482b9860a54,0.03%,2
0x692cac21866fe340570d9ac1dedf76f837fa8de3,0.03%,2
0x6936cc35b1d39cb4e41afb9284b8502e68b25942,0.03%,2
0x6992dd12fd82e7035da8ff5362a8d1c54f979c1d,0.03%,2
0x69dd0eccfd2806602732efbff66872a48bc517c3,0.03%,2
0x6a9b86e5a09eb214557825c89cd2aabdd832b830,0.03%,2
0x6ae847bb0ec93ae3ee359e71f1a960e42db479ae,0.03%,2
0x6be23b66075b98c38c316a8783a91ba97df4b096,0.03%,2
0x6be29bd3be1718886c0a61f2baf44b0013272293,0.03%,2
0x6c3645fb324bb2a402729fec96ed39f7cefae8a2,0.03%,2
0x6d078d24b0cfbdb4387642b5ee46120c5a0914a8,0.03%,2
0x6d488c22a5c688324ec7bbb1eaf22b1392ad2d14,0.03%,2
0x6d9f5dd30d59fd270f8e5b073523e79d739266f8,0.03%,2
0x6da8ea04192100663c07eb1a99bb5a6c5eaee14f,0.03%,2
0x6e11cbee1f6f417043818495c4cec5b03bcf19cb,0.03%,2
0x6e130c0327ed3d322a337a532776c8b1a377ece8,0.03%,2
0x6eaf472056f6af376451efb8d1e52f56f2bbed50,0.03%,2
0x6eb7b58f062bb8349ed0e151ece8f23634b925d6,0.03%,2
0x6f0d7d31f8124621a91c7d27803f60dbf54e42bc,0.03%,2
0x6fb6104def1ee62a24e4bb7db82487b3b764ebcc,0.03%,2
0x700bd46f7dcde7626c45aa385a0426886f950d97,0.03%,2
0x7095464b90093fdf7c3ac4a4fc1f608a695b1d5c,0.03%,2
0x712e599c1dd390ff4791820c6bb2244a62c0776c,0.03%,2
0x7150483551370fa7b48697351007bd6c41a30fa8,0.03%,2
0x71b67a47dcbbaf5807df875393f5c95157e06420,0.03%,2
0x71b83f002bdf4e751573e2be2f7737223701f192,0.03%,2
0x720c2fc00f570295b553ae0e374973f3417ad513,0.03%,2
0x72110222f7d069ff375023edbae2a015dc94505a,0.03%,2
0x72ca77dc5ef7c251e1fc84a74dde580c0452a3b6,0.03%,2
0x735083adf3ec5988d4b21d8cc34d5b3223f0e2d8,0.03%,2
0x7382681eb363b8bbf59c109e54e5741e36ed6f88,0.03%,2
0x73b299e12c8adb094bfd8799c912adddb6f8d1fd,0.03%,2
0x7400c16281a5daf360d15fe265769c33f3cb0fd2,0.03%,2
0x7485ce6be6873db9a4c032941694137523a0c4c3,0.03%,2
0x748b8543e20a76789b6895302bf5441d71e12ba0,0.03%,2
0x74955615e8e6ff59887f264e46cf070e27d63539,0.03%,2
0x74e30a2a30733d9ee332f8c8c73fe28034404c4d,0.03%,2
0x7576e1407e6d0c000cddb6f01341bf7b9391833c,0.03%,2
0x75b1b6fb6366d3453ce9c023037201925ad1d1cd,0.03%,2
0x75e0d1c2aaf4ecbf540d201a0e66a7b9ba937e4e,0.03%,2
0x766ea3efd010eb23a740313c7b9381875071bfb3,0.03%,2
0x769a1c30fe71c594665ebc872612bfa9870feaba,0.03%,2
0x76a109da677300e54dd82844d7e77f9314ab3ed9,0.03%,2
0x76d1b45ab45d1262b5d2b0f49e17288b83cb2560,0.03%,2
0x76d7a826f1fa5204925856ea9c209245be469a10,0.03%,2
0x77075162d926299fff42615a3cf8d90847eefc5c,0.03%,2
0x771c3af827e890b2908f28307dc47985df15fccc,0.03%,2
0x774805df85be028f7e59fb6f453cfdaceb6a7e78,0.03%,2
0x7853bf4b852c17ae536e5ab48a9b318be616a312,0.03%,2
0x7864e866e9315c0cbd5141a410b7defd93c97924,0.03%,2
0x786ab9c2ea85eb6ca367d1258016919aa49b1359,0.03%,2
0x7911ed1eec934f1c3719d5c760c01cf77f6f38f8,0.03%,2
0x7978f31989d93518d6fde3d3bae875422ce73825,0.03%,2
0x79f095c916abf6861333939b44453d1f4db4134c,0.03%,2
0x7aa4183da502f814a0734d0a2d5bdafc978e7054,0.03%,2
0x7b674388859de016dbe7d52fbaca7763fb9a56ba,0.03%,2
0x7b9a6b51e932e81f496a452b128582e509b7180a,0.03%,2
0x7c3bde1db3ddcbe3b19cc21cc21d5535335b8056,0.03%,2
0x7c709272228252ce1912ccf108023ec3498661e7,0.03%,2
0x7cc17cf03e2dc72e33ccb67b654a8f098f2b62f0,0.03%,2
0x7cdfcad9a7149ff39a0decc547694f64a50c0b81,0.03%,2
0x7d040f9da49a8b63adb84a2b34a40e3e1fed9f21,0.03%,2
0x7d4677d92458b3ee24766d3e85ccb258b3babbbe,0.03%,2
0x7d5f2edabbba455c826b84fc95488a7bc92e27df,0.03%,2
0x7d791a7c27fca8788b8f549f4bdacfcda276968c,0.03%,2
0x7e7725795813cd5fe63ac859f59b86bfcba6e229,0.03%,2
0x7f105b8bae560759944b4a811e6d7975506fecf2,0.03%,2
0x7f89f5610a4d5576bfbc36d7af3773a2aa73bbd0,0.03%,2
0x800b706996093b1a9bbb303343548696ef1efd7a,0.03%,2
0x800dc82ee026dd7e240b7e51f8c7ca4a3482bb42,0.03%,2
0x8157b9d16df6679c122d2c572590bc6acec9507f,0.03%,2
0x819696d5ba5cf43b88b6c48715cd91c7aefa1420,0.03%,2
0x81db3313f69f7ab4cc6ec7503a269981d461a6cf,0.03%,2
0x833447be716380ae4922397c425b92aba6e7ab40,0.03%,2
0x836c5b167597fd9b51070348f9ed5ac10db7efef,0.03%,2
0x846315621e705715cadcc6b2c37a5280f20a5421,0.03%,2
0x848b1decd8f278cc70ee1f39c88eb4e124f9d303,0.03%,2
0x84abc09fc1a4d81336f1f0d3d2162116eb08d76e,0.03%,2
0x85279ddf39663bee4b5e0095a09f2bd033b1339f,0.03%,2
0x86687168b2b9c34f2ec2fdd0d1bc07819eb872b4,0.03%,2
0x86899a5372ccd5f821f9b04cce5fcb7837cbc84b,0.03%,2
0x86a6995671ca770058822f4fd10f70e051da1faf,0.03%,2
0x86d38dad8efff6cb2d57bbd1685e63ce4b4e9c24,0.03%,2
0x874eafdfe998508d79e47ca5d321de11cd438372,0.03%,2
0x889957bdc438171ca9b7f028369752dbcae2a399,0.03%,2
0x88eed6653cb255e03fcc3644befa52fd08c86a97,0.03%,2
0x893849df840158eb6d1ee373963b03ddb928f94d,0.03%,2
0x8adb2ba37e7d3441e59bdd37a9ab3ace9a126021,0.03%,2
0x8bc716003879ffe570199be6459cb5873b1abfec,0.03%,2
0x8c49eba28ac5d94cabf92e83966516369a87b7d2,0.03%,2
0x8c5624a2f4de1a44871471e3fb305ebcf878303b,0.03%,2
0x8c75d249807c847104cc577a73d54e3e10e3e4f3,0.03%,2
0x8c86765dcb0b32ace9d10b06c6ba40cb4e0e11de,0.03%,2
0x8d93114cf20a1b796b72eae893020faf9ddc1523,0.03%,2
0x8d9eb27501162340c1b61f3eeebf8898cc357247,0.03%,2
0x8e06c35f7652a3bd53b66832c0e365216cc03a9d,0.03%,2
0x8e8027e1e203bf5649c4dc09be6d598a6a8c5f3d,0.03%,2
0x8ea606ff016ad2b3b3ac711a6fbac96533e099be,0.03%,2
0x8edc440d8e0e9f07f1e5978601a50fa11130735f,0.03%,2
0x8ee8428c260963ff1ab9305ea59bf42bc855a71a,0.03%,2
0x8f5c7cef4d9c6dae6fa645ca41b3a8c6ca2bafb8,0.03%,2
0x8f6ecc55c2681e7172f07d8367d5fc3b3c9a790a,0.03%,2
0x8f81ac84f240b215e2e9a67b6d520612c282b844,0.03%,2
0x8fdc73b571b571a8d505ecb9a2f8ea91bc7d1c67,0.03%,2
0x9079d6ade38fb49842a2ec91e85ed7deb66347b7,0.03%,2
0x9099b6e8474c7ef8c6ffefecfcb4e61739594536,0.03%,2
0x9203a2aef29e8b1adc3ede2e0138cc6151853356,0.03%,2
0x92124ae71dfdd7506c2a5bf9fae6834b100c239a,0.03%,2
0x927b79116623f5023acd659c841a9e6f8f9c6c25,0.03%,2
0x92a21c4dc9cd432ac6f213c197b41f70534f8752,0.03%,2
0x92dffe9cd278eceac1e78dfb461c7cd48f8c03ac,0.03%,2
0x9373829b9dabddea7b2646e3ec00cd5896d1396b,0.03%,2
0x93846ea7c9c60256c8138d1de52f3b17a579ddab,0.03%,2
0x938b31bcc5fced235ebcbf776d443ae5080c56fa,0.03%,2
0x9399e5dd5d09ea541864305b6ba37f61b4caa394,0.03%,2
0x940ec171090e4920f3adb90d52c66ff1dfbe7037,0.03%,2
0x941ad0e9a072305d39a37992b244c18adba8c0f6,0.03%,2
0x957e4372dac9fb744b4e3832fde4057bb73d1d62,0.03%,2
0x95c3917f458c00171f77d9646ce63e7b70e5cb4a,0.03%,2
0x95cef771ecf1e5a87d849fa4fabef845bc5ff628,0.03%,2
0x95e3e31106fc82bb25fefd2c097c823a588ce144,0.03%,2
0x965daecf89f9112b7c424a3d04988247f94d20b8,0.03%,2
0x96735cb0e78947ed2b0eb9a408471ced9412a9b3,0.03%,2
0x96ae83201c63cd4c2b1a5f31c2e90c81a9d0fd5d,0.03%,2
0x96e9912f00c3e762b76c4088687248a320a99f06,0.03%,2
0x96fbf3f62a3084efa2634d7a4e77c97e456b96a9,0.03%,2
0x976d7fe30dad18190c6e9860fca35f08752bb49a,0.03%,2
0x98dfe61f85782e7652fb43478a5ba1a4c1274e4c,0.03%,2
0x99014f787fa9b21112194e9c8c0a3e4a22d33670,0.03%,2
0x995577ae3ebb780b25d049b80d9245c49a3a1c65,0.03%,2
0x995ea59c24affbb12d8ccd8a7a0e875949a02c80,0.03%,2
0x996beda18f4369d4e968fe3241346f2a1acbc71f,0.03%,2
0x997dacd23d0cae99b092e565b6a13c4c86f6bd54,0.03%,2
0x9a2f8f1bc9aafdb737e6f3b6f59a4e9ed47f655a,0.03%,2
0x9aa4addf23285986bab851732dded4669e1036e9,0.03%,2
0x9abe4bf3997ef54121dc7901e3eb4b80a4f10cc9,0.03%,2
0x9b670ad03b68534fbfb376ee5ad72ebc43c832af,0.03%,2
0x9bc184985c75b062fb1f5143938103bceeb20691,0.03%,2
0x9bcd816e3a046d03256f2c351b6b2336f82533ea,0.03%,2
0x9bd9285fd52efc55fe3b468a0d7cb5df3f01dd5f,0.03%,2
0x9d28d809601c71381f1028216fc6737677a8901b,0.03%,2
0x9d8460942872b985e8be9cdf1bd11dd84568583b,0.03%,2
0x9d996cc2a83d9ef0bebc7b059ae2057fd97749c2,0.03%,2
0x9e6353fdfe7ddc9ad603e0724da41236614e0f1d,0.03%,2
0x9f0385b8b31e00b42f6f1ccd436ecdd68d8125d5,0.03%,2
0x9f8ac2e4b10b1a7f1ec1bedb40fa6698c0a9d25f,0.03%,2
0x9f9ebce72c0715cdbad4d589986eb22f6782a1ce,0.03%,2
0x9ff25598d8ebebd86c26d10eabf2f0dff849884e,0.03%,2
0xa0580a130ca644dbef1bf397fe373f66c3ad83e9,0.03%,2
0xa101544878fbf89a7393d44acceafa70820aa809,0.03%,2
0xa136d3f79ec445d749d3905702cac790c79046e1,0.03%,2
0xa1507d041213833c2f2cb02357b4dc0a0149ad85,0.03%,2
0xa18f72c45b8c89d01d54204ebe9d212fce097ce4,0.03%,2
0xa1e335831d2075c4bccddad4a5b8a76261268f56,0.03%,2
0xa252f447bc1c4ec53522e9bccaa49ffb90da2153,0.03%,2
0xa263ba83bc468be9bd44198aa456b546e0769307,0.03%,2
0xa2a2f96070165a7fa59c52c2bca2af6761987901,0.03%,2
0xa3f8ad71a6ed01a102035dc2fe775413d1d96cfc,0.03%,2
0xa4c4be81c5ad4ef46be9b864591f96ab4aa297f5,0.03%,2
0xa5da53dac740b6ff5116024a61d4688ea7d04457,0.03%,2
0xa5e6b798ed48c6e7b5b13eadbd6314c639e27253,0.03%,2
0xa5feb3d392342a3d0220bf77381c466ec895a581,0.03%,2
0xa602c39afefb5183187ce70dd015000554fb8cb8,0.03%,2
0xa60f432481deb28d8b3a8ecf7412551ff806ca9e,0.03%,2
0xa61d94d8c934f3758ae53c19f4e50de17a824970,0.03%,2
0xa648e0e43665d23b063d8e25b9dca27fc11ba4fb,0.03%,2
0xa79246c4d8559160af340edc7ea3e62c99dffcdd,0.03%,2
0xa83360de829b817d75db35308849bc919117d3e5,0.03%,2
0xa844ebcb9a50b7d2015c22d476b50bbb5095a272,0.03%,2
0xa885324d332fb4462cd169609224c1baf8f56336,0.03%,2
0xa8a0fd4ba5ca2be23f9a3c73751245d585ad0fb0,0.03%,2
0xa9d90512f2cf0d1b07aa47668107c316f6e4f14c,0.03%,2
0xaa312eb19552f924dfc47bfefe47f35a902fc595,0.03%,2
0xaa7258fc5475f00d5de146864f846694dd9d9135,0.03%,2
0xab33fb66f040a5bde2c2ce1bca8095b35b17c66e,0.03%,2
0xabf82f02747aa5201baf069a5242bd00fc351128,0.03%,2
0xac1676e7344251be2ab774c7e97565432a997e6e,0.03%,2
0xacb283a63dde840fab65d160ebd0c71496670104,0.03%,2
0xad1467cfca4eee70f2edf18b27c657e1bd7ebc19,0.03%,2
0xad1ef82d21fd573691bc709553d0ee8136ec1d7a,0.03%,2
0xad505c4a37548d5dfc039654db25ac08f2fa0677,0.03%,2
0xadfe712f748daade34c116858ae6bdaca08fad22,0.03%,2
0xae0ad2947c529560763db15cfc26e02d21cd3353,0.03%,2
0xae1cebe840d3fe1180fe3d855e40b4dad397170a,0.03%,2
0xaec271c3298653a674814f7f88189e900a649ce8,0.03%,2
0xaee44a454294a6abd420386b5d0b808a766ee166,0.03%,2
0xaf086b99eca89bef0085dd3f6463187e3597c46c,0.03%,2
0xb07a68f7ed357fa51f0489bc1e1a9dc5e0e6dcd1,0.03%,2
0xb0b2507065b621fb92647950c2beec69ec032cc4,0.03%,2
0xb0bf779a4374e4acbd5038762d28af8f68ee44c0,0.03%,2
0xb0cced43e0b949d86e01a087719c5bf53b9a3e84,0.03%,2
0xb0fd126e84664bf1f88efc2e18b767fea6cdb519,0.03%,2
0xb100d3e70f05a0889774fc3465b2adb621b8fd17,0.03%,2
0xb12abdad9a6fa5e076a52851e295e22608e225f7,0.03%,2
0xb15963a7a4ac58752bfd489d50818ab759841197,0.03%,2
0xb168eb2d0cba59d1f59fb6f74520190ec21c192f,0.03%,2
0xb17f2edf9b3fbcb83b695fe109d07169df6f6a94,0.03%,2
0xb2937626152956d7b5bfffd4a22d021c8592d6be,0.03%,2
0xb2b94fa2308f8029c9b60da1db27ed76e8528d2d,0.03%,2
0xb2ffd46c47b28b7abed6725a0abedd9409f1a1b0,0.03%,2
0xb303928cbf16029634b2661e4e78e2698f417033,0.03%,2
0xb395699aa1638a6fd1617cca0b3f719e9e3e7dcd,0.03%,2
0xb3e5e5c076e8fb2c48162f2a9a212f284738c4e8,0.03%,2
0xb4a5f52d03d1d3550486123ee5f90a2c96b0d76a,0.03%,2
0xb4aaccef9af8cc1f3a120bc74548d93a7373c163,0.03%,2
0xb4cecaee0833329c79e40fbedfb0611bf4bc840c,0.03%,2
0xb4db3617b76a04acd4274987e93fa2d92ffdd4a3,0.03%,2
0xb65b4a46cad6250de0768100eecfa87a31c9011d,0.03%,2
0xb6a347a7059c3efe03afa6f902d32e325da2e9a2,0.03%,2
0xb6d0a65e60ec27ec88dc02dba55d5cd0c012c75d,0.03%,2
0xb6f96a4c48144cf1fc3fcb23d1ca19912b1f3c86,0.03%,2
0xb740d33d77a3c87fdc800885abae1ee62109cb03,0.03%,2
0xb7d02a963a06b85b42e28e8b843d927bc07291c4,0.03%,2
0xb7ee260c5a88514250c328c6cfe9ad4866e0e3ce,0.03%,2
0xb82549ed435b83e1232566d4e1bbfa26bc7d484e,0.03%,2
0xb830f8b3317d14fc1fb83bf1c458ef8897f54918,0.03%,2
0xb8413daa05a5e2414f158688169d327220737b0c,0.03%,2
0xb8a0b6329e8969f4004ef673c41e8c639224dbdd,0.03%,2
0xb90d8a0a7ba2ce23990138d4841c65aa5dffee90,0.03%,2
0xb9392d84be248c108062509fe477177708f6e28f,0.03%,2
0xb94a9852b3f7748669cbad4b19c662dff4c0ba69,0.03%,2
0xb967688619d045b4feb7134ab9a72e66bb900f11,0.03%,2
0xb9b3ffdbe75583642c44824a637b25ed478f6923,0.03%,2
0xba07c4b25a06d1b08d9d0c28ca6d9df2695a359d,0.03%,2
0xba70fc3e345d818541227225282e01a576396586,0.03%,2
0xba773972b66c55ba5ceafbfc0c3693d124c25f39,0.03%,2
0xbb087ccfcaf95bcfe0eda83536acc3eaaa47c05a,0.03%,2
0xbb1a80440658334e0596ff27d0c6b55c27140e2d,0.03%,2
0xbb9dc986bcc1819d179ff4f8eba2091495e0fb3e,0.03%,2
0xbb9f1391221b18978c21c3cc8dd2ddecff8d9a0b,0.03%,2
0xbba9e8821ebdfbdd2aabaff7be17c215d0359cf7,0.03%,2
0xbbfe8fabc7e9b473642edbe5768693c45638e0e4,0.03%,2
0xbc6dde88d724a802da38e241826a50946cd75aad,0.03%,2
0xbd29b19633782e1138e749fc2d43d29d3be8f931,0.03%,2
0xbda3631a38262c3d91110172b635b4956ef8f400,0.03%,2
0xbe247459b2a59b869edf9ac1ccf74b5887d24ce3,0.03%,2
0xbe684dd545f83a07d152bf3b0edb645903a3f66b,0.03%,2
0xbe936ba50d12272b0a6a23ae63d1986702f47f44,0.03%,2
0xbee9623617091a60c811d4f12a118e57caac0c3a,0.03%,2
0xbf5c95b4c2bdc9a75eea876a956a97bf13c21106,0.03%,2
0xbf9957bef452432b4d96fb99cac0b70b2b89425b,0.03%,2
0xbfd174725ed7f93b3e41a4df28d1a68da19f492f,0.03%,2
0xc000d3df9835973239121b1dab30b25f38c03741,0.03%,2
0xc00d1e09cc659e19a48f757e562df04ee948a955,0.03%,2
0xc019b4427abd7d5fb8a2f160054628eb990dd9cb,0.03%,2
0xc043af14a90e019641377fdf8989070a4bac03a9,0.03%,2
0xc052dcb73292a0fe39601986fd7d4c20327e3fab,0.03%,2
0xc0ca25cdab82d32bb7db3b7f12b4489718d9ac1c,0.03%,2
0xc16d55d19c7e4376e33ef2e3786c2057d0f2996b,0.03%,2
0xc22311fa554e50d95deed4b4b60bb96dc1d5c1eb,0.03%,2
0xc2259a2c11e61a61b8031638cd3b339563f3a930,0.03%,2
0xc2d5d9f466edb657475a7bb363770387740874c9,0.03%,2
0xc30bd1d3f61f9ea8cc5b0bc10fedba49e5e11c64,0.03%,2
0xc36f2fe0f39a46a45c89bbf92d2531f7d1389062,0.03%,2
0xc387530cc3a020171977583384f2b3a61facd814,0.03%,2
0xc43c53b8cda5f8c4585198f10c7a8831c24c229d,0.03%,2
0xc463dc93c7bbc0b43872b79865b5f89c7bd7938c,0.03%,2
0xc4df5f2125151bff3a6aa7328529eae1b9d3cc31,0.03%,2
0xc50e05e57ef0a4e5d859b7b726893b01e31e545d,0.03%,2
0xc568ab5034e5cd02d9aabd987a522e3996981ddd,0.03%,2
0xc5839ce32d31bed0e3353c3c58139225d2ac9fe4,0.03%,2
0xc5d7cb074ba408be4407661231efcd61e31bcada,0.03%,2
0xc5dc1fb6f02579dbf227b30ec7b7608fb83b2d4b,0.03%,2
0xc5ed96d2c570c619f46fe076bc2ce77c6275c610,0.03%,2
0xc65aa07a7134b08a558cbc29aba93cebdfb02a33,0.03%,2
0xc6720c46d7445cd181c4a7cd20631f845312c715,0.03%,2
0xc69c8aa8b19180b58117012e2ff7718ce8c5bafc,0.03%,2
0xc780adba04e469ba0083165d3a018d0cae68b266,0.03%,2
0xc8bf9cf5c29b1f5c2063900f8f9ebdb85c8ef202,0.03%,2
0xc93ae7dcf3bbe175782fe4386ea46e7c8ef3937d,0.03%,2
0xca59edb11957078443de38aad22fc1d8e29f7855,0.03%,2
0xca7feb0e44552b4f2ed0cf9a201d1f90284c46fb,0.03%,2
0xca9c7a9c5b0fa07ebfe2bcfc5bb8f68b049c638e,0.03%,2
0xcab6c01601302051c8a10aa05fe97ff2e895bbb3,0.03%,2
0xcb500f1b7b846e9dc7531f7df0b0cd63a333bd57,0.03%,2
0xcb7fb0a5df1c81415bd62a5b6bf1e7690dace300,0.03%,2
0xcd5f9317a1aad6b731fdd4e5a217df495d09ddd7,0.03%,2
0xcd807653f50a27723a2f403d4bf879d042e202e6,0.03%,2
0xceb7d2942bda1746af0eb23d236e9a20b22601dc,0.03%,2
0xcebf6c32533291322bf57feced73a755fdb87494,0.03%,2
0xcef915ec8e04f602d25cd6e30050d66ee8ac0d09,0.03%,2
0xcf444c7efbff36f78ee34a29e24714db294f6ca4,0.03%,2
0xcffe57f3ee58f6fae766eb1e0056f827036eba3a,0.03%,2
0xd00418f38a3b341af5c9fd52756d25d223e5fb07,0.03%,2
0xd019a99346637970d2c3b31d1ae00de37778744a,0.03%,2
0xd0319b589f53fa2ba6d200f40d84371ed496953c,0.03%,2
0xd0570b20b1a6ec9a699175516b7a1f58dbe65014,0.03%,2
0xd0665f8a013231a37f966991cb87924d0e193bc2,0.03%,2
0xd22769fd3ee303ea8facaf9294f6ca526ac8d643,0.03%,2
0xd2f8ecd989d2c41688a097a7b73e8abc8b3f3bcf,0.03%,2
0xd3427471a4acf9b5de762b69fe9ad7a296108ac1,0.03%,2
0xd353761adcbf9bbbde29771704d333d4b585fea3,0.03%,2
0xd381932ef72fca51a6a23ffdd3b5e344f63e2b89,0.03%,2
0xd3c92d72c255d5351de3ee51de0de5c61036adca,0.03%,2
0xd43eb3e2a19a274131f73cf5fa139cbb3cd37e06,0.03%,2
0xd57d6722fef8986f196b6c5caafc0eb53cd46a4f,0.03%,2
0xd5eccd567aa560fcc8dfaf22c839d1189abcfde0,0.03%,2
0xd60fabd72d787b37ce36980ff43fb19927d3a8d7,0.03%,2
0xd61e05dc68e8a9f98442f8c1ea7471ad1e0be17e,0.03%,2
0xd6b4cefe3e13c064f5cb8d8e7814f5cb1c017658,0.03%,2
0xd6d23af6a968323797275c93c3a41b7f9734f945,0.03%,2
0xd6faa3580e63590647d0edf52bbfc1e6567b1ee1,0.03%,2
0xd782bacece0bbd00a0a7a3f99f86eb6a893eea5a,0.03%,2
0xd799b2561061ab241a163d979acb4389cdd26943,0.03%,2
0xd7bc0402999c0e007911eb04bf0e926522c29620,0.03%,2
0xd82c1f7ea44f7a22d107b844a9fee94e70f3018c,0.03%,2
0xd86edc2737f5c19c6e4a11ed6e72706d3369bc56,0.03%,2
0xd9e330087ffa488daf178e15754848e22f2f27d0,0.03%,2
0xdabedbfe4b6f6fc6f238feb4d2e42ffe6069506a,0.03%,2
0xdae10b05d9846be45b1b4d462b0e42ae7d5de295,0.03%,2
0xdb65884aa021704b3f3093da2f69a81c1c3cb902,0.03%,2
0xdb8317b1f9968c55b6b7cbadf589cd089136a0b6,0.03%,2
0xdbc847bbcff53768cad6c45593833393a18de6a0,0.03%,2
0xdc14ce9c509375baba9a1a00751474aa48cc04d9,0.03%,2
0xdd451338aa41430d5728416459f4dfc81ee40a7b,0.03%,2
0xddcfc6f09a26413c2b0d6224b29738e74102de04,0.03%,2
0xdecaa1d0eaa8c405766267736fcec49e05825048,0.03%,2
0xdf22c18e3d2af2ed1463cf1ca9e6da135ef0cf61,0.03%,2
0xdfefe1ead10467a13bc77809bfef4a9b4db87f3a,0.03%,2
0xdff5a36e3bdd35fd5bc689eb61b024cf0dc9aa7f,0.03%,2
0xe0128a26143714c4a77199cc75650a359c59c305,0.03%,2
0xe04df05ab78601227ec252cef454eb682b632450,0.03%,2
0xe16044509cb13a9ee92bdf828c14e5fbc9b28b0b,0.03%,2
0xe236b2b97509c3238b223b980b406f8d69a741c0,0.03%,2
0xe2a500a3e99cc4bd07a293d486933756c839a966,0.03%,2
0xe393a46a190fc2a4f2b5b1e3d779dc95bf442b95,0.03%,2
0xe39a2b4845fa05c010b685b50a23233a6b4151dc,0.03%,2
0xe3fc6fdb4d2f9a255de68b9f3b2e4c9ca9de944c,0.03%,2
0xe5163605e0cf1b5cc350f744ad624be78f6e4db4,0.03%,2
0xe519320819935a2ad5545f094c750ebcf5d9154e,0.03%,2
0xe52d94020cab61e0e0272d76c74b52ca4ce38541,0.03%,2
0xe5d442f93f38892109c1fc70eb48aa78b73d5b48,0.03%,2
0xe5e7dabad47606eed7b97f3f1d2b02314511404b,0.03%,2
0xe640b318afac3414da8b955ac2a9f3459628b418,0.03%,2
0xe659dc504f6ed6c5c1781795eb82a81a4ff388b7,0.03%,2
0xe810017540bab5f96ea478e84704af52403ce496,0.03%,2
0xe842c8f4c45f4dbdab39fd4ee3a0df0daac10b92,0.03%,2
0xe86851f5dd2507430761b6ce70bd5617dbf66cdc,0.03%,2
0xe91c5febe26a3dd39b115ceef6de2d59319ddd31,0.03%,2
0xe9bb3f1cd2a93972d893510643682f9eac074491,0.03%,2
0xea142e8e85f8b94d219fa2ce8c2f2659c8a02ce8,0.03%,2
0xea5634f9b00761892aaba5f77c6a7b97d3172610,0.03%,2
0xea5c063954e1afa50174487b2c33ecc15f119317,0.03%,2
0xebd1b80a73a4d748d467de2ab4a17ba460a810d1,0.03%,2
0xebeaf766c5e61f1b161600e061472ffc4c095cef,0.03%,2
0xebf367eda8fef77507c4b278cf822e50397d6fed,0.03%,2
0xec19a21f2595ea1e206c8a0984fb6397daafa4b0,0.03%,2
0xecbd8df0c1817138c78f480034b9c433c956b6d2,0.03%,2
0xece56694505e1fadfaf16cc53306ea45f76c3a14,0.03%,2
0xeda9e8a4dd9dc7dfd74844a2f935ee24eda0a5ff,0.03%,2
0xedb7cca3ba468055b0062d2cd033dfe6c6632959,0.03%,2
0xedec843ee5ecdbf54ae7f25cf466d944375860e4,0.03%,2
0xee3ff679f515a5e786d5900dd11bb3a5e0b5504f,0.03%,2
0xeec3d29611a213cb7762c9581e745aa91f9c53da,0.03%,2
0xeed2677cbb3f1338125df4f6778401a514f8f679,0.03%,2
0xeef755453528a9e3e50e195c2904ef61772f02ce,0.03%,2
0xef509aa448649bd5716fb32a3c774b666bca8458,0.03%,2
0xef532911656c39c6bc23fbabd05f816055949cf7,0.03%,2
0xef686daca1053e04255938c197206095a319dc2e,0.03%,2
0xef7fcb31e53f8853a6e26e2562e59d96264d8bf5,0.03%,2
0xeff9df013974935ecd23fd5a8f9d6df6b8caf47b,0.03%,2
0xf044235c7e1267f5cc463df208765293aa92d3bf,0.03%,2
0xf0ba2c1c63def4f4fed5c1b2a045f0fb96755be4,0.03%,2
0xf116ae3de8548a319f630f9f4bd7f6b28a200ea0,0.03%,2
0xf18e9574da7ccfa963c7f90a257757dc536418a1,0.03%,2
0xf1b35c4fdba4c80b7c434585d152c58c83220c9c,0.03%,2
0xf23d2d15b68d5fc44cd578e15a2df944038bb317,0.03%,2
0xf3374429886ea5af64c62939ae6adda4209dd2e0,0.03%,2
0xf34f800e22e95cdee2c514f7ff6b17d0b25d1fd5,0.03%,2
0xf3a687bda0d9298a785b4c0d7db53efa379a80f0,0.03%,2
0xf3de96dd26847d877960736e426e2d852b6765f4,0.03%,2
0xf4478bcdeae5029187b5b97e1c86a67294bf57f9,0.03%,2
0xf44f59001cc56b6e6a46fdb33b468c2fa88725b2,0.03%,2
0xf47c17e3a072484beef8cc4d64a712128e0965e6,0.03%,2
0xf4f96d0fd5f033b549052a97df02cfb0250da66b,0.03%,2
0xf5323911c4399ccc4f1073a4ba5b87c7ba861fdf,0.03%,2
0xf7632142d674581f303c6f52cf8c4b635a757017,0.03%,2
0xf7713f561a78696ece91f6ea117190595bba7349,0.03%,2
0xf78ba4acb2a6b2f339fd390db21b52b6e9d90cf9,0.03%,2
0xf7bad83f633f172288686a45ebe5aa47e0d82f52,0.03%,2
0xf9393dc2c7ff919c00dfed7c7acbe17fabf83fdc,0.03%,2
0xf986e970408a3632e10e8e836c1276027d2a2f3c,0.03%,2
0xf9ba07a909edc35865c40937fa107e75c50595ba,0.03%,2
0xf9df76e8061ad94671ee1c86c7a722aaaa209174,0.03%,2
0xf9ebfe2b0c205c437214a714a28903859349cede,0.03%,2
0xf9ff4cf31bf2617362b9dd30c594348df7c3d91a,0.03%,2
0xfbd6207cac6dc88cb28c1d6c84583930db2ee061,0.03%,2
0xfbe36ac8879bd5c6949b1ee7087e25142ca9f7fd,0.03%,2
0xfc0feb272f1481759172777e6f3c24b5d929ca71,0.03%,2
0xfc36431415dc61816e57d7e08e9290880940c9b1,0.03%,2
0xfd03f79379010cb5fdcddb0dc998f1a9d3fce9a0,0.03%,2
0xfd079393609b50a07c46a4f58daa097b883875fe,0.03%,2
0xfda437b52967090474ebee3afa0903f8141566cb,0.03%,2
